checkpoint,recording,mse,bce,within_1sd,within_2sd,median_sd,nll,ensemble/one_minus_r2/h001,ensemble/crps/h001,ensemble/spread_skill/h001,ensemble/one_minus_r2/h004,ensemble/crps/h004,ensemble/spread_skill/h004,ensemble/one_minus_r2/h016,ensemble/crps/h016,ensemble/spread_skill/h016,ensemble/one_minus_r2/h064,ensemble/crps/h064,ensemble/spread_skill/h064,ensemble/one_minus_r2/h125,ensemble/crps/h125,ensemble/spread_skill/h125,one_minus_r2/h001,copy_last/h001,one_minus_r2/h004,copy_last/h004,one_minus_r2/h016,copy_last/h016,one_minus_r2/h064,copy_last/h064,one_minus_r2/h125,copy_last/h125
stoch-b05,1790611634,0.02565182000398636,0.010720300488173962,0.7203445434570312,0.9390816688537598,0.08333539962768555,-1.1340562105178833,0.03457459807395935,0.13426724076271057,0.8262313008308411,0.008038665167987347,0.0706118494272232,0.7363669872283936,0.03757119178771973,0.13390782475471497,0.5970425605773926,0.7272320985794067,0.6600214838981628,0.7243679761886597,0.8210468888282776,0.7090616822242737,0.7772870659828186,0.032367072999477386,1.000055193901062,0.0077422009781003,1.0000522136688232,0.03936896473169327,1.000116229057312,1.0228248834609985,1.0001826286315918,1.1981239318847656,1.0002228021621704
stoch-it1,1790611634,0.023278754204511642,0.007669747341424227,0.7488253116607666,0.9488500356674194,0.08693960309028625,-1.2021712064743042,0.030333945527672768,0.1272260844707489,0.8593885898590088,0.006449264008551836,0.06129750236868858,0.8077020645141602,0.028426799923181534,0.11082340776920319,0.7139536738395691,0.7125151753425598,0.646798312664032,0.7395089268684387,0.8106015920639038,0.6996805667877197,0.7821226716041565,0.027877435088157654,1.000055193901062,0.0060617346316576,1.0000522136688232,0.030137067660689354,1.000116229057312,0.9935215711593628,1.0001826286315918,1.1947904825210571,1.0002228021621704
stoch-it2,1790611634,0.026757821440696716,0.006530749145895243,0.7462698817253113,0.9481081366539001,0.08820551633834839,-1.1937073469161987,0.03336627781391144,0.1276908665895462,0.831845223903656,0.006625265348702669,0.06180524826049805,0.821452796459198,0.03034517914056778,0.11432928591966629,0.7041656374931335,0.7039341330528259,0.6411457061767578,0.7490935325622559,0.8097700476646423,0.6995365619659424,0.7840673923492432,0.03162243962287903,1.000055193901062,0.006219442933797836,1.0000522136688232,0.03194493055343628,1.000116229057312,1.0047532320022583,1.0001826286315918,1.1908090114593506,1.0002228021621704
stoch-it3,1790611634,0.025914417579770088,0.0067603406496346,0.7445800304412842,0.9474899172782898,0.08738335967063904,-1.1945419311523438,0.03215806558728218,0.12737564742565155,0.8529736399650574,0.006706299260258675,0.06262409687042236,0.8099815249443054,0.030523942783474922,0.11557480692863464,0.6818279027938843,0.7158899903297424,0.6480482816696167,0.7379012107849121,0.815420389175415,0.7029845118522644,0.7794149518013,0.030172009021043777,1.000055193901062,0.006371024064719677,1.0000522136688232,0.03225085884332657,1.000116229057312,1.0089974403381348,1.0001826286315918,1.1886547803878784,1.0002228021621704
stoch-b05,1790619211,0.02552662044763565,0.011254851706326008,0.7143446207046509,0.9325226545333862,0.0823567733168602,-1.1188501119613647,0.036991287022829056,0.14004144072532654,0.7794438004493713,0.008880743756890297,0.07152386754751205,0.7092747092247009,0.04298039525747299,0.1527138203382492,0.6944445371627808,1.208194613456726,0.9837196469306946,0.7435532808303833,1.1309758424758911,0.9227659702301025,0.7630038857460022,0.03391377627849579,1.0000272989273071,0.00852601695805788,1.0000027418136597,0.04522749036550522,1.0001451969146729,1.714858889579773,1.0000489950180054,1.6344833374023438,1.0000760555267334
stoch-it1,1790619211,0.02417653426527977,0.008034386672079563,0.7352019548416138,0.9413025379180908,0.08785581588745117,-1.2059779167175293,0.03177627548575401,0.13355527818202972,0.8213317394256592,0.006456486415117979,0.06294083595275879,0.8270203471183777,0.03769476339221001,0.13835109770298004,0.7786352634429932,1.2046188116073608,0.9800114631652832,0.7520959377288818,1.115373134613037,0.9107532501220703,0.7707658410072327,0.029673824086785316,1.0000272989273071,0.006138860248029232,1.0000027418136597,0.03939114883542061,1.0001451969146729,1.7381725311279297,1.0000489950180054,1.6335358619689941,1.0000760555267334
stoch-it2,1790619211,0.023096464574337006,0.007417786400765181,0.733924150466919,0.9411376714706421,0.088172048330307,-1.2098718881607056,0.029764149338006973,0.13237540423870087,0.8365963697433472,0.006535218562930822,0.06518950313329697,0.8098185658454895,0.04108528047800064,0.14816810190677643,0.7321560978889465,1.2201334238052368,0.9952427744865417,0.739011824131012,1.154157042503357,0.9376163482666016,0.7509059309959412,0.027605140581727028,1.0000272989273071,0.006264767609536648,1.0000027418136597,0.04310227930545807,1.0001451969146729,1.7278029918670654,1.0000489950180054,1.6621785163879395,1.0000760555267334
stoch-it3,1790619211,0.022318502888083458,0.005729660391807556,0.7310387492179871,0.9426628351211548,0.08710754662752151,-1.2141011953353882,0.028853289783000946,0.1318485289812088,0.84353107213974,0.0066161672584712505,0.06617390364408493,0.8014589548110962,0.04498797655105591,0.1549110859632492,0.6970746517181396,1.2423588037490845,1.006229281425476,0.7227809429168701,1.1554279327392578,0.9388614892959595,0.7474251985549927,0.026292670518159866,1.0000272989273071,0.006284826435148716,1.0000027418136597,0.047007907181978226,1.0001451969146729,1.7542188167572021,1.0000489950180054,1.6582190990447998,1.0000760555267334
stoch-b05,1790626779,0.022834766656160355,0.015392065048217773,0.7229891419410706,0.9331238865852356,0.08606910705566406,-1.1160858869552612,0.03088691458106041,0.13796547055244446,0.85578453540802,0.006986415013670921,0.06760767847299576,0.8087039589881897,0.038928914815187454,0.14080508053302765,0.734408974647522,1.1335405111312866,0.9466394782066345,0.7434391379356384,1.1627333164215088,0.9374839067459106,0.7511435747146606,0.02835266664624214,1.0000165700912476,0.006653791759163141,1.0000309944152832,0.041321225464344025,1.0001499652862549,1.6396015882492065,1.000006079673767,1.6521340608596802,1.0001310110092163
stoch-it1,1790626779,0.022482499480247498,0.011237558908760548,0.7351409196853638,0.9396957755088806,0.09079047292470932,-1.1945706605911255,0.028556087985634804,0.13211429119110107,0.8711357712745667,0.005813060328364372,0.06127093359827995,0.8831989169120789,0.03708907589316368,0.13420535624027252,0.7906696200370789,1.1137824058532715,0.9314414262771606,0.7536596059799194,1.1536774635314941,0.9295275211334229,0.7543174028396606,0.026317941024899483,1.0000165700912476,0.005430800840258598,1.0000309944152832,0.039542656391859055,1.0001499652862549,1.614236831665039,1.000006079673767,1.671547532081604,1.0001310110092163
stoch-it2,1790626779,0.0228915773332119,0.010251390747725964,0.7393155097961426,0.9413904547691345,0.09167192131280899,-1.2086573839187622,0.02848016284406185,0.13087689876556396,0.85844886302948,0.006019716616719961,0.062361348420381546,0.8527742028236389,0.03636018931865692,0.1344195008277893,0.7852028608322144,1.135022521018982,0.9504669308662415,0.7450196146965027,1.1807526350021362,0.9499849081039429,0.7392374277114868,0.026222242042422295,1.0000165700912476,0.005684798117727041,1.0000309944152832,0.038512635976076126,1.0001499652862549,1.6440885066986084,1.000006079673767,1.6648916006088257,1.0001310110092163
stoch-it3,1790626779,0.022489512339234352,0.010249407030642033,0.7413408160209656,0.9427543878555298,0.09055493026971817,-1.227578043937683,0.02794962003827095,0.13001033663749695,0.861886203289032,0.005801063030958176,0.06178194284439087,0.8659360408782959,0.03596656396985054,0.1335950791835785,0.7869396209716797,1.1472077369689941,0.9558537602424622,0.7361427545547485,1.1868888139724731,0.9522789120674133,0.7366043329238892,0.025739477947354317,1.0000165700912476,0.005476301535964012,1.0000309944152832,0.03827859088778496,1.0001499652862549,1.6365649700164795,1.000006079673767,1.669918179512024,1.0001310110092163
stoch-b05,1790464558,0.019990848377346992,0.011328049004077911,0.7338244915008545,0.9385083913803101,0.08196336030960083,-1.1474403142929077,0.025926776230335236,0.1168026253581047,0.8660500645637512,0.005322682671248913,0.05343182384967804,0.8134005069732666,0.018068069592118263,0.08414746075868607,0.7489315867424011,0.47709617018699646,0.4722249209880829,0.8122623562812805,0.6631636619567871,0.6010487079620361,0.8428196310997009,0.023768257349729538,1.0000741481781006,0.005124015733599663,1.0001364946365356,0.01890019327402115,1.000002145767212,0.6918132305145264,1.0000507831573486,1.0224756002426147,1.0003280639648438
stoch-it1,1790464558,0.02059529908001423,0.008898007683455944,0.7441142797470093,0.9450526833534241,0.08629249781370163,-1.1625375747680664,0.024608610197901726,0.11414521187543869,0.8815945386886597,0.0045456187799572945,0.049968916922807693,0.8783001899719238,0.014968953095376492,0.07471749931573868,0.8345578908920288,0.47565004229545593,0.4666384160518646,0.815021812915802,0.6606040596961975,0.5959672331809998,0.8411202430725098,0.022406307980418205,1.0000741481781006,0.004331218544393778,1.0001364946365356,0.015745025128126144,1.000002145767212,0.6986960172653198,1.0000507831573486,1.0163044929504395,1.0003280639648438
stoch-it2,1790464558,0.02147490344941616,0.009813466109335423,0.7402452826499939,0.9467813372612,0.08703438937664032,-1.157900333404541,0.02490554191172123,0.11398354172706604,0.8813310861587524,0.004432071931660175,0.049653828144073486,0.8972987532615662,0.015155892819166183,0.0752117782831192,0.843988835811615,0.47262680530548096,0.46534883975982666,0.819664478302002,0.6574868559837341,0.5931165218353271,0.8442185521125793,0.022878974676132202,1.0000741481781006,0.004275023937225342,1.0001364946365356,0.015933189541101456,1.000002145767212,0.6934948563575745,1.0000507831573486,1.0119078159332275,1.0003280639648438
stoch-it3,1790464558,0.021347125992178917,0.008659807033836842,0.7439495921134949,0.9454642534255981,0.08694732189178467,-1.1557077169418335,0.02479633316397667,0.11432524025440216,0.8801754713058472,0.004623014479875565,0.050543658435344696,0.8741663098335266,0.015812013298273087,0.07746309041976929,0.805869996547699,0.48297616839408875,0.4726346433162689,0.8089427947998047,0.6624060869216919,0.5980337858200073,0.8397002816200256,0.022725505754351616,1.0000741481781006,0.004434542264789343,1.0001364946365356,0.016460752114653587,1.000002145767212,0.7000356316566467,1.0000507831573486,1.0163930654525757,1.0003280639648438
stoch-b05,1790281442,0.042110227048397064,0.06799384206533432,0.6614202857017517,0.8970872163772583,0.0810215175151825,-0.6496856212615967,0.02420610561966896,0.1018643006682396,0.6264707446098328,0.008605467155575752,0.05417852848768234,0.5446450710296631,0.03458774834871292,0.08482640981674194,0.484404057264328,0.2180168628692627,0.2647877037525177,0.9386100172996521,0.3578310012817383,0.3829183578491211,0.9990980625152588,0.022912325337529182,1.0002174377441406,0.008113241754472256,1.0002104043960571,0.03498988598585129,1.0000178813934326,0.3267240822315216,1.0000029802322388,0.5971209406852722,1.00002920627594
stoch-it1,1790281442,0.038679514080286026,0.05690963938832283,0.6737177968025208,0.9133299589157104,0.08627081662416458,-0.8456081748008728,0.02078893780708313,0.09774930030107498,0.6896966099739075,0.008837945759296417,0.05298538878560066,0.5542663931846619,0.032170552760362625,0.08167631924152374,0.5393205285072327,0.221075177192688,0.2652796804904938,0.9357526302337646,0.3565976917743683,0.382280558347702,0.9997188448905945,0.0196515079587698,1.0002174377441406,0.008714032359421253,1.0002104043960571,0.03305820748209953,1.0000178813934326,0.3324476480484009,1.0000029802322388,0.6025691628456116,1.00002920627594
stoch-it2,1790281442,0.042962826788425446,0.05470474436879158,0.6747670769691467,0.9157223105430603,0.08768517524003983,-0.8477048873901367,0.02157481759786606,0.09696280211210251,0.6753121614456177,0.008857364766299725,0.052431829273700714,0.5444586277008057,0.030839912593364716,0.08018188923597336,0.5617862343788147,0.21821452677249908,0.2629697918891907,0.9447988271713257,0.36241185665130615,0.3855707347393036,0.9935049414634705,0.02022636868059635,1.0002174377441406,0.008732443675398827,1.0002104043960571,0.0313829742372036,1.0000178813934326,0.31423237919807434,1.0000029802322388,0.6008520126342773,1.00002920627594
stoch-it3,1790281442,0.04111428186297417,0.04667845368385315,0.6795937418937683,0.9180727005004883,0.0882108137011528,-0.8925577402114868,0.022284770384430885,0.0975162610411644,0.6634343862533569,0.009473536163568497,0.05289658159017563,0.5252840518951416,0.03306609392166138,0.08149638772010803,0.5572549700737,0.22020821273326874,0.2648904025554657,0.9438430666923523,0.3561299741268158,0.38246387243270874,1.0011647939682007,0.020367195829749107,1.0002174377441406,0.009088060818612576,1.0002104043960571,0.0342976339161396,1.0000178813934326,0.3265223205089569,1.0000029802322388,0.5905355215072632,1.00002920627594
