device,width,depth,batch,parameters,variant,ms_per_step,gather_share
NVIDIA L4,256,3,1024,175113,plain,2.07,0.05
NVIDIA L4,256,3,4096,175113,plain,2.09,0.06
NVIDIA L4,256,3,16384,175113,plain,3.82,0.04
NVIDIA L4,256,5,1024,306697,plain,2.36,0.04
NVIDIA L4,256,5,4096,306697,plain,2.37,0.05
NVIDIA L4,256,5,16384,306697,plain,5.87,0.03
NVIDIA L4,512,3,1024,612361,plain,2.06,0.05
NVIDIA L4,512,3,4096,612361,plain,2.92,0.04
NVIDIA L4,512,3,16384,612361,plain,9.26,0.02
NVIDIA L4,512,5,1024,1137673,plain,2.39,0.04
NVIDIA L4,512,5,4096,1137673,plain,4.76,0.02
NVIDIA L4,512,5,16384,1137673,plain,16.78,0.01
NVIDIA L4,1024,3,1024,2273289,plain,2.72,0.04
NVIDIA L4,1024,3,4096,2273289,plain,7.52,0.02
NVIDIA L4,1024,3,16384,2273289,plain,27.1,0.01
NVIDIA L4,1024,5,1024,4372489,plain,4.85,0.02
NVIDIA L4,1024,5,4096,4372489,plain,13.95,0.01
NVIDIA L4,1024,5,16384,4372489,plain,50.24,0.0
NVIDIA L4,256,3,1024,175113,compile+bf16,2.22,0.05
NVIDIA L4,256,3,4096,175113,compile+bf16,2.3,0.05
NVIDIA L4,256,3,16384,175113,compile+bf16,2.35,0.07
NVIDIA L4,256,5,1024,306697,compile+bf16,2.56,0.04
NVIDIA L4,256,5,4096,306697,compile+bf16,2.6,0.04
NVIDIA L4,256,5,16384,306697,compile+bf16,2.67,0.07
NVIDIA L4,512,3,1024,612361,compile+bf16,2.23,0.05
NVIDIA L4,512,3,4096,612361,compile+bf16,2.29,0.05
NVIDIA L4,512,3,16384,612361,compile+bf16,3.39,0.05
NVIDIA L4,512,5,1024,1137673,compile+bf16,2.47,0.04
NVIDIA L4,512,5,4096,1137673,compile+bf16,2.52,0.05
NVIDIA L4,512,5,16384,1137673,compile+bf16,5.06,0.03
NVIDIA L4,1024,3,1024,2273289,compile+bf16,2.28,0.05
NVIDIA L4,1024,3,4096,2273289,compile+bf16,2.92,0.04
NVIDIA L4,1024,3,16384,2273289,compile+bf16,8.12,0.02
NVIDIA L4,1024,5,1024,4372489,compile+bf16,3.11,0.03
NVIDIA L4,1024,5,4096,4372489,compile+bf16,4.63,0.03
NVIDIA L4,1024,5,16384,4372489,compile+bf16,15.11,0.01
Tesla T4,256,3,1024,175113,plain,2.58,0.05
Tesla T4,256,3,4096,175113,plain,2.68,0.06
Tesla T4,256,3,16384,175113,plain,6.89,0.05
Tesla T4,256,5,1024,306697,plain,2.96,0.04
Tesla T4,256,5,4096,306697,plain,3.64,0.05
Tesla T4,256,5,16384,306697,plain,10.88,0.03
Tesla T4,512,3,1024,612361,plain,2.59,0.05
Tesla T4,512,3,4096,612361,plain,5.15,0.03
Tesla T4,512,3,16384,612361,plain,17.69,0.02
Tesla T4,512,5,1024,1137673,plain,3.36,0.04
Tesla T4,512,5,4096,1137673,plain,8.64,0.02
Tesla T4,512,5,16384,1137673,plain,31.45,0.01
Tesla T4,1024,3,1024,2273289,plain,5.16,0.02
Tesla T4,1024,3,4096,2273289,plain,14.71,0.01
Tesla T4,1024,3,16384,2273289,plain,52.57,0.01
Tesla T4,1024,5,1024,4372489,plain,9.18,0.01
Tesla T4,1024,5,4096,4372489,plain,27.43,0.01
Tesla T4,1024,5,16384,4372489,plain,99.1,0.0
Tesla T4,256,3,1024,175113,compile+bf16,3.08,0.04
Tesla T4,256,3,4096,175113,compile+bf16,4.01,0.04
Tesla T4,256,3,16384,175113,compile+bf16,10.89,0.03
Tesla T4,256,5,1024,306697,compile+bf16,3.65,0.03
Tesla T4,256,5,4096,306697,compile+bf16,5.38,0.03
Tesla T4,256,5,16384,306697,compile+bf16,16.93,0.02
Tesla T4,512,3,1024,612361,compile+bf16,3.17,0.04
Tesla T4,512,3,4096,612361,compile+bf16,6.88,0.03
Tesla T4,512,3,16384,612361,compile+bf16,23.32,0.02
Tesla T4,512,5,1024,1137673,compile+bf16,4.37,0.03
Tesla T4,512,5,4096,1137673,compile+bf16,11.41,0.02
Tesla T4,512,5,16384,1137673,compile+bf16,40.5,0.01
Tesla T4,1024,3,1024,2273289,compile+bf16,6.61,0.02
Tesla T4,1024,3,4096,2273289,compile+bf16,19.74,0.01
Tesla T4,1024,3,16384,2273289,compile+bf16,73.02,0.0
Tesla T4,1024,5,1024,4372489,compile+bf16,11.49,0.01
Tesla T4,1024,5,4096,4372489,compile+bf16,36.42,0.0
Tesla T4,1024,5,16384,4372489,compile+bf16,137.88,0.0
