world_model,policies,n,pearson,spearman,mmrv,mae,bias
wm3,all,13,0.9446,0.9725,0.0632,0.3388,0.3388
wm3,new,10,0.9302,0.9515,0.0781,0.3503,0.3503
wm3,held_out,7,0.9616,0.9643,0.0691,0.1121,0.1121
wm3,own,6,0.9742,0.9429,0.0068,0.6032,0.6032
wm-w512-d3-cd50k,all,13,0.973,0.9725,0.0445,0.2551,0.2551
wm-w512-d3-cd50k,new,10,0.9488,0.9758,0.0324,0.2661,0.2661
rollout-k1,all,13,0.9815,0.9945,0.0207,0.2667,0.2667
rollout-k1,new,10,0.9666,0.9879,0.0269,0.2737,0.2737
rollout-k4,all,13,0.9779,0.9725,0.0453,0.2172,0.2134
rollout-k4,new,10,0.9557,0.9636,0.0414,0.2276,0.2276
rollout3-k6,all,13,0.9599,0.9505,0.0681,0.1787,0.169
rollout3-k6,new,10,0.9449,0.9273,0.0709,0.2093,0.2093
rollout3-k8,all,13,0.4614,0.6209,0.4079,0.4812,0.4247
rollout3-k8,new,10,0.2598,0.4545,0.4426,0.604,0.5624
rollout3-k8,held_out,8,0.8858,0.881,0.1778,0.1535,0.0617
rollout3-k8,own,5,0.8471,1.0,0.0,1.0055,1.0055
rollout3-k8-seed1,all,13,0.5127,0.7637,0.3092,0.3966,0.3277
rollout3-k8-seed1,new,10,0.3426,0.6727,0.3234,0.4886,0.4443
rollout3-k10,all,13,0.4071,0.6593,0.3764,0.4066,0.2567
rollout3-k10,new,10,0.2226,0.5636,0.3939,0.4765,0.3754
rollout3-k12,all,13,0.4467,0.6264,0.3818,0.2911,0.0776
rollout3-k12,new,10,0.2601,0.4788,0.4088,0.3162,0.1544
rollout-k16,all,13,0.4641,0.6319,0.3818,0.2649,0.0053
rollout-k16,new,10,0.2761,0.4909,0.4088,0.2774,0.0639
rollout2-k32,all,13,0.671,0.5824,0.372,0.327,-0.327
rollout2-k32,new,10,0.5135,0.4424,0.4038,0.3272,-0.3272
rollout3-k64-clip,all,13,0.7848,0.8297,0.2459,0.3788,-0.3765
rollout3-k64-clip,new,10,0.792,0.7818,0.1116,0.3697,-0.3697
