policy,trained_in,seen,episodes,rig,rig_sem,wm3,wm-w512-d3-cd50k,rollout-k1,rollout-k4,rollout3-k6,rollout3-k8,rollout3-k8-seed1,rollout3-k10,rollout3-k12,rollout-k16,rollout2-k32,rollout3-k64-clip
ppo-k8@100,rollout3-k8,False,14,0.4355,0.0105,0.5128,0.5449,0.5306,0.4884,0.5163,0.5122,0.5231,0.5465,0.5036,0.5026,0.3773,0.2942
ppo-k8@500,rollout3-k8,False,14,0.6874,0.0481,0.8782,0.9303,0.8794,0.8198,0.8807,2.0214,1.9097,1.8606,1.185,1.0245,0.4883,0.3998
ppo-k8@250,rollout3-k8,False,14,0.5389,0.0184,0.664,0.6637,0.6624,0.6704,0.7623,1.598,1.0735,1.0258,0.8958,0.8654,0.4489,0.4512
exp-ent03,wm3,False,14,0.7566,0.0444,1.2009,1.0914,1.0974,1.0971,1.1286,1.1908,0.9519,0.8856,0.7211,0.6806,0.4553,0.3127
ppo-k8@1000,rollout3-k8,False,14,0.7841,0.0348,1.0449,1.0697,1.1649,1.0444,1.0782,2.0809,2.0154,1.9696,1.7329,1.3611,0.4912,0.4768
ppo-wm2,wm-with-policy-50k,True,14,0.4747,0.0131,0.5342,0.5349,0.5534,0.5652,0.5468,0.5313,0.5179,0.5263,0.5177,0.5249,0.3784,0.1441
exp-upright25,wm3,False,14,0.6821,0.0159,0.7776,0.7845,0.7984,0.7868,0.753,0.7692,0.7595,0.7959,0.6807,0.631,0.5057,0.4284
ppo-wm3,wm3,True,14,1.3333,0.074,2.1227,1.9118,1.9306,1.766,1.4278,1.1929,1.1366,0.9061,0.7904,0.7248,0.4821,0.4519
exp-lr1e3-2k,wm3,False,14,1.1782,0.0308,2.1154,1.9501,1.8547,1.8123,1.5916,1.3353,1.26,1.0343,0.8817,0.7934,0.5031,0.5753
exp-base,wm3,False,14,0.6373,0.0186,0.7592,0.756,0.7802,0.7943,0.7619,0.7631,0.7605,0.7978,0.6833,0.6629,0.498,0.3779
ppo-speed,trapezoid,True,14,0.1669,0.019,0.2194,0.1832,0.2215,0.1419,0.1039,0.1484,0.1374,0.1248,0.131,0.1558,0.1356,0.1822
ppo-k8,rollout3-k8,False,14,1.0261,0.0399,1.0447,1.2173,1.3228,1.2041,1.2151,2.2872,2.137,1.9261,1.4618,1.399,0.5274,0.4937
ppo-wm3-lr1e3-5k,wm3,False,14,1.3129,0.0638,2.5439,1.692,1.6852,1.5975,1.4445,1.1046,1.0911,0.9513,0.8373,0.7574,0.4718,0.5317
