policy,arm0_up,arm1_up,arm2_up,all_up,beyond_64,beyond_96,at_126
ppo-k8@100,0.2446,0.1717,0.3084,0.1489,0.0,0.0,0.0
ppo-k8@500,0.3385,0.2922,0.2276,0.0377,0.0,0.0,0.0
ppo-k8@250,0.314,0.246,0.229,0.048,0.0,0.0,0.0
exp-ent03,0.2719,0.3686,0.2358,0.0364,0.0,0.0,0.0
ppo-k8@1000,0.3734,0.3138,0.247,0.0467,0.0,0.0,0.0
ppo-wm2,0.2394,0.2854,0.1984,0.0662,0.0,0.0,0.0
exp-upright25,0.2352,0.2435,0.3814,0.1824,0.0,0.0,0.0
ppo-wm3,0.5804,0.666,0.1405,0.0371,0.0,0.0,0.0
exp-lr1e3-2k,0.5289,0.5928,0.1518,0.0261,0.0,0.0,0.0
exp-base,0.2522,0.2252,0.3608,0.1841,0.0,0.0,0.0
ppo-speed,0.2801,0.1588,0.135,0.0178,0.0,0.0,0.0
ppo-k8,0.4112,0.4471,0.2375,0.0589,0.0,0.0,0.0
ppo-wm3-lr1e3-5k,0.5486,0.6762,0.172,0.072,0.0,0.0,0.0
ppo-k1-seed1,0.4513,0.6052,0.1916,0.0402,0.0,0.0,0.0
ppo-k1,0.508,0.6511,0.2025,0.0716,0.0,0.0,0.0
ppo-k6@1000,0.4918,0.6444,0.163,0.0555,0.0,0.0,0.0
ppo-k1@2000,0.534,0.6645,0.1558,0.0274,0.0,0.0,0.0
ppo-k6,0.5696,0.7174,0.1771,0.0692,0.0,0.0,0.0
ppo-k1-seed1@2000,0.5823,0.7084,0.1465,0.0383,0.0,0.0,0.0
ppo-stoch,0.8332,0.8568,0.1266,0.0946,0.0,0.0,0.0
ppo-stoch-it1,0.7933,0.93,0.2971,0.2538,0.2267,0.0,0.0
ppo-stoch-it2,0.8142,0.9233,0.2526,0.2211,0.223,0.0,0.0
ppo-stoch-it3,0.8519,0.9214,0.2952,0.2653,0.1972,0.0,0.0
ppo-stoch-it4,0.7703,0.9244,0.2652,0.2205,0.3066,0.1847,0.1165
ppo-s256-anneal@1750,0.6441,0.8111,0.2197,0.1188,0.5605,0.3254,0.2019
ppo-s256-mean,0.7153,0.8617,0.1885,0.1129,0.5947,0.3689,0.227
ppo-s256,0.8344,0.956,0.2587,0.2334,0.2398,0.1017,0.047
ppo-s256-anneal,0.8144,0.9326,0.4152,0.3394,0.2925,0.1681,0.0799
ppo-s256-anneal0-5k,0.8175,0.9525,0.3886,0.3279,0.3243,0.1631,0.0758
ppo-s256-anneal0-8k,0.7947,0.9496,0.3919,0.3038,0.3353,0.157,0.0591
