policy,trained_in,seen,episodes,rig,rig_sem,sc-w256-d3-cd200k,sc-w256-d3-cd200k@0,stoch-it5
ppo-k8@100,rollout3-k8,False,14,0.4355,0.0105,0.484,0.4945,0.4649
ppo-k8@500,rollout3-k8,False,14,0.6874,0.0481,0.7206,0.9027,0.7147
ppo-k8@250,rollout3-k8,False,14,0.5389,0.0184,0.581,0.6404,0.5726
exp-ent03,wm3,False,14,0.7566,0.0444,1.0174,1.0757,0.961
ppo-k8@1000,rollout3-k8,False,14,0.7841,0.0348,0.8579,1.1357,0.8299
ppo-wm2,wm-with-policy-50k,True,14,0.4747,0.0131,0.5508,0.625,0.5223
exp-upright25,wm3,False,14,0.6821,0.0159,0.6933,0.7845,0.6891
ppo-wm3,wm3,True,28,1.3191,0.0432,1.3921,1.8975,1.4039
exp-lr1e3-2k,wm3,False,14,1.1782,0.0308,1.3158,1.9692,1.3383
exp-base,wm3,False,14,0.6373,0.0186,0.6928,0.7312,0.6691
ppo-speed,trapezoid,True,14,0.1669,0.019,0.1328,0.2643,0.0948
ppo-k8,rollout3-k8,False,14,1.0261,0.0399,1.0043,1.2405,1.0162
ppo-wm3-lr1e3-5k,wm3,False,14,1.3129,0.0638,1.1921,1.7055,1.2358
ppo-k1-seed1,rollout-k1,False,14,1.264,0.0416,1.4546,2.0973,1.4467
ppo-k1,rollout-k1,False,14,1.3837,0.0371,1.4824,2.1346,1.4646
ppo-k6@1000,rollout3-k6,False,14,1.2655,0.0515,1.489,1.4814,1.4709
ppo-k1@2000,rollout-k1,False,14,1.3795,0.0512,1.5184,1.9675,1.4169
ppo-k6,rollout3-k6,False,14,1.4229,0.0323,1.5588,1.9338,1.5684
ppo-k1-seed1@2000,rollout-k1,False,14,1.3754,0.0554,1.5725,1.9945,1.4689
ppo-stoch,stoch-b05,False,14,1.8098,0.0352,1.9096,2.0801,1.8523
ppo-stoch-it1,stoch-it1,False,14,2.0817,0.0314,2.1132,2.2124,2.134
ppo-stoch-it2,stoch-it2,False,14,2.0391,0.0225,2.1301,2.1994,2.1247
ppo-stoch-it3,stoch-it3,False,14,2.0685,0.0266,2.1282,2.2235,2.1292
ppo-stoch-it4,stoch-it4,False,14,2.0229,0.0411,2.1362,2.1889,2.1321
ppo-s256-anneal@1750,sc-w256-d3-cd200k,False,14,1.6712,0.0832,1.9362,2.7796,1.8579
ppo-s256-mean,sc-w256-d3-cd200k,False,14,1.761,0.0381,1.9249,2.7791,1.8622
ppo-s256,sc-w256-d3-cd200k,False,14,2.0643,0.0145,2.0977,2.2168,2.0813
ppo-s256-anneal,sc-w256-d3-cd200k,False,14,2.1964,0.0358,2.1882,2.3064,2.1719
ppo-s256-anneal0-5k,sc-w256-d3-cd200k,False,14,2.2093,0.0185,2.1762,2.2932,2.1667
ppo-s256-anneal0-8k,sc-w256-d3-cd200k,False,14,2.2024,0.0228,2.175,2.2057,2.165
