run,state,step,branch_step,hidden,layers,window,parameters,batch_size,lr,bf16,compile,rollout_train,max_grad_norm,steps,seed,val_policy_wm3/h016,val_policy_wm3/h064,val_policy_wm3/h125,val_policy_wm3/upright/h016,val_policy_wm3/upright/h064,val_policy_wm3/upright/h125,val_random_walk/h016,val_random_walk/h064,val_random_walk/h125,val_random_walk/upright/h016,val_random_walk/upright/h064,val_random_walk/upright/h125
wm-w1024-d3,finished,200000,,1024,3,16,2273289,4096,0.002,True,True,,,200000,0,0.023464368656277657,0.7164134979248047,0.9990113973617554,0.04187150299549103,1.6098849773406982,1.6477805376052856,0.055031388998031616,0.42014047503471375,0.6607767343521118,,,
wm-w1024-d3-cd100k,finished,120000,100000,1024,3,16,2273289,4096,0.002,True,True,,,120000,0,0.022434355691075325,0.6830737590789795,1.002737522125244,0.045124225318431854,1.538063645362854,1.6462059020996094,0.04906431958079338,0.39061275124549866,0.6376756429672241,,,
wm-w1024-d3-cd12500,finished,15000,12500,1024,3,16,2273289,4096,0.002,True,True,,,15000,0,0.02212255634367466,0.687376081943512,1.008526086807251,0.05185205861926079,1.5731678009033203,1.6952564716339111,0.03521103784441948,0.3530847132205963,0.6028602719306946,,,
wm-w1024-d3-cd200k,finished,240000,200000,1024,3,16,2273289,4096,0.002,True,True,,,240000,0,0.022719016298651695,0.7079681754112244,1.03013813495636,0.0438760444521904,1.5900229215621948,1.6878907680511477,0.054350417107343674,0.3996336758136749,0.6300882697105408,,,
wm-w1024-d3-cd25k,finished,30000,25000,1024,3,16,2273289,4096,0.002,True,True,,,30000,0,0.020771075040102005,0.688985288143158,1.007229208946228,0.04564699158072472,1.57652485370636,1.642019510269165,0.039004772901535034,0.3583124279975891,0.6043855547904968,,,
wm-w1024-d3-cd50k,finished,60000,50000,1024,3,16,2273289,4096,0.002,True,True,,,60000,0,0.020458508282899857,0.6866219639778137,1.0071706771850586,0.04288152605295181,1.5664637088775637,1.6396955251693726,0.0479457713663578,0.37181591987609863,0.628984272480011,,,
wm-w1024-d5,finished,200000,,1024,5,16,4372489,4096,0.002,True,True,,,200000,0,0.03395288437604904,0.7500972747802734,1.010231852531433,0.06867637485265732,1.6284301280975342,1.659488558769226,0.058303575962781906,0.4621544182300568,0.6928547024726868,,,
wm-w1024-d5-cd100k,finished,120000,100000,1024,5,16,4372489,4096,0.002,True,True,,,120000,0,0.02288140542805195,0.6997431516647339,1.0081346035003662,0.046059150248765945,1.6011738777160645,1.6431119441986084,0.049275245517492294,0.38984158635139465,0.628466010093689,,,
wm-w1024-d5-cd12500,finished,15000,12500,1024,5,16,4372489,4096,0.002,True,True,,,15000,0,0.02268410287797451,0.7006940841674805,1.0074033737182615,0.05250287801027298,1.604698896408081,1.6603046655654907,0.03633010387420654,0.3538062274456024,0.6156859993934631,,,
wm-w1024-d5-cd200k,finished,240000,200000,1024,5,16,4372489,4096,0.002,True,True,,,240000,0,0.02767341583967209,0.7172984480857849,1.0136982202529907,0.055996038019657135,1.6233515739440918,1.6879335641860962,0.054286547005176544,0.4019104540348053,0.6535802483558655,,,
wm-w1024-d5-cd25k,finished,30000,25000,1024,5,16,4372489,4096,0.002,True,True,,,30000,0,0.022132905200123787,0.6786143183708191,1.0107945203781128,0.05010351166129112,1.5690027475357056,1.6533889770507812,0.04181518033146858,0.36488229036331177,0.6144561767578125,,,
wm-w1024-d5-cd50k,finished,60000,50000,1024,5,16,4372489,4096,0.002,True,True,,,60000,0,0.021996764466166496,0.7003304958343506,1.0127511024475098,0.04580024257302284,1.5666406154632568,1.6656217575073242,0.045023005455732346,0.3782799243927002,0.6184579730033875,,,
wm-w2048-d3,finished,200000,,2048,3,16,8740873,4096,0.002,True,True,,,200000,0,0.02861703559756279,0.7151254415512085,1.0052571296691897,0.061160240322351456,1.6298110485076904,1.691469669342041,0.05742711201310158,0.4280697703361511,0.6630935668945312,,,
wm-w2048-d3-cd100k,finished,120000,100000,2048,3,16,8740873,4096,0.002,True,True,,,120000,0,0.023601224645972252,0.6944305300712585,1.0243711471557615,0.04974396526813507,1.580385446548462,1.672481894493103,0.05082263797521591,0.3876705765724182,0.6364379525184631,,,
wm-w2048-d3-cd100k,crashed,109100,100000,2048,3,16,8740873,4096,0.002,True,True,,,120000,0,0.02478407695889473,0.7247503995895386,1.0213658809661863,0.04992450773715973,1.660407304763794,1.695013403892517,0.04991840571165085,0.4046150743961334,0.6282073259353638,,,
wm-w2048-d3-cd100k,finished,120000,100000,2048,3,16,8740873,4096,0.002,True,True,,,120000,0,0.023601224645972252,0.6944305300712585,1.0243711471557615,0.04974396526813507,1.580385446548462,1.672481894493103,0.05082263797521591,0.3876705765724182,0.6364379525184631,,,
wm-w2048-d3-cd12500,finished,15000,12500,2048,3,16,8740873,4096,0.002,True,True,,,15000,0,0.021151885390281677,0.6894784569740295,1.000605225563049,0.04654153063893318,1.5835671424865725,1.6538784503936768,0.03735123947262764,0.3432021141052246,0.5917980074882507,,,
wm-w2048-d3-cd200k,crashed,201800,200000,2048,3,16,8740873,4096,0.002,True,True,,,240000,0,,,,,,,,,,,,
wm-w2048-d3-cd200k,finished,240000,200000,2048,3,16,8740873,4096,0.002,True,True,,,240000,0,0.02454887330532074,0.7097765207290649,1.020239233970642,0.049705374985933304,1.606220245361328,1.7035404443740845,0.056872058659791946,0.4054560959339142,0.638276219367981,,,
wm-w2048-d3-cd25k,finished,30000,25000,2048,3,16,8740873,4096,0.002,True,True,,,30000,0,0.021396152675151825,0.6931294798851013,1.006319880485535,0.046200864017009735,1.560291767120361,1.6755574941635132,0.04100589454174042,0.3628382384777069,0.6105300784111023,,,
wm-w2048-d3-cd50k,finished,60000,50000,2048,3,16,8740873,4096,0.002,True,True,,,60000,0,0.022161440923810005,0.7029880881309509,1.0130422115325928,0.04844093695282936,1.605098009109497,1.6895664930343628,0.04504893720149994,0.37510424852371216,0.6290037631988525,,,
wm-w2048-d5,finished,200000,,2048,5,16,17133577,4096,0.002,True,True,,,200000,0,0.02737199142575264,0.7098267674446106,1.0048240423202517,0.049682389944791794,1.5805368423461914,1.692306399345398,0.05771910771727562,0.4293474853038788,0.6502619385719299,,,
wm-w2048-d5-cd100k,finished,120000,100000,2048,5,16,17133577,4096,0.002,True,True,,,120000,0,0.02445238456130028,0.7071235775947571,1.0027786493301392,0.04929875582456589,1.629461407661438,1.642206788063049,0.0505208782851696,0.38910973072052,0.6151211857795715,,,
wm-w2048-d5-cd12500,finished,15000,12500,2048,5,16,17133577,4096,0.002,True,True,,,15000,0,0.02209511585533619,0.6900745034217834,1.011675477027893,0.05078558251261711,1.5762169361114502,1.6784895658493042,0.03574912250041962,0.34710201621055603,0.6165033578872681,,,
wm-w2048-d5-cd200k,finished,240000,200000,2048,5,16,17133577,4096,0.002,True,True,,,240000,0,0.027231529355049133,0.7133588194847107,1.0087937116622925,0.05156366527080536,1.591866970062256,1.639969825744629,0.05573507398366928,0.4057198166847229,0.627970814704895,,,
wm-w2048-d5-cd25k,finished,30000,25000,2048,5,16,17133577,4096,0.002,True,True,,,30000,0,0.021346289664506912,0.6959670782089233,1.0195584297180176,0.0477626733481884,1.575436234474182,1.6964430809020996,0.04015698283910751,0.36262941360473633,0.6097085475921631,,,
wm-w2048-d5-cd50k,finished,60000,50000,2048,5,16,17133577,4096,0.002,True,True,,,60000,0,0.022050533443689343,0.6947726011276245,1.0176481008529663,0.04564693197607994,1.5954071283340454,1.680784821510315,0.04495633766055107,0.3719950318336487,0.6058999300003052,,,
wm-w256-d3,finished,200000,,256,3,16,175113,4096,0.002,True,True,,,200000,0,0.03004649095237255,0.7501956224441528,1.048622488975525,0.05757370963692665,1.5844507217407229,1.6816799640655518,0.051394905894994736,0.4290534257888794,0.6546931862831116,,,
wm-w256-d3-cd100k,finished,120000,100000,256,3,16,175113,4096,0.002,True,True,,,120000,0,0.02115822024643421,0.6967287659645081,1.0051732063293457,0.04488131031394005,1.5682058334350586,1.6422463655471802,0.041619013994932175,0.36573970317840576,0.6300662755966187,,,
wm-w256-d3-cd12500,finished,15000,12500,256,3,16,175113,4096,0.002,True,True,,,15000,0,0.024244779720902443,0.7141227722167969,1.01868736743927,0.050961654633283615,1.623298168182373,1.702327013015747,0.04886297881603241,0.398561030626297,0.6443477869033813,,,
wm-w256-d3-cd200k,finished,240000,200000,256,3,16,175113,4096,0.002,True,True,,,240000,0,0.021270783618092537,0.7036914229393005,1.0135881900787354,0.04331927374005318,1.590158224105835,1.6732022762298584,0.041484661400318146,0.3675798773765564,0.6166558861732483,,,
wm-w256-d3-cd25k,finished,30000,25000,256,3,16,175113,4096,0.002,True,True,,,30000,0,0.022431716322898865,0.6991735100746155,1.0256056785583496,0.0514337345957756,1.5969016551971436,1.7148436307907104,0.04250600188970566,0.38314399123191833,0.6367703676223755,,,
wm-w256-d3-cd50k,finished,60000,50000,256,3,16,175113,4096,0.002,True,True,,,60000,0,0.02167445793747902,0.7015254497528076,1.004936695098877,0.0496966615319252,1.5833461284637451,1.6484665870666504,0.041077204048633575,0.3691560029983521,0.6136373281478882,,,
wm-w256-d5,finished,200000,,256,5,16,306697,4096,0.002,True,True,,,200000,0,0.037522949278354645,0.7456667423248291,1.0056054592132568,0.07312946766614914,1.5628434419631958,1.673032283782959,0.05679566040635109,0.46541765332221985,0.7094477415084839,,,
wm-w256-d5-cd100k,finished,120000,100000,256,5,16,306697,4096,0.002,True,True,,,120000,0,0.02229328826069832,0.6972572207450867,1.0084105730056765,0.04659750685095787,1.6132783889770508,1.6540870666503906,0.03859635442495346,0.3683454692363739,0.6277670860290527,,,
wm-w256-d5-cd12500,finished,15000,12500,256,5,16,306697,4096,0.002,True,True,,,15000,0,0.02567354030907154,0.709832489490509,0.997768759727478,0.05621714144945145,1.6299251317977903,1.6506340503692627,0.04345032572746277,0.3807453513145447,0.6295243501663208,,,
wm-w256-d5-cd200k,finished,240000,200000,256,5,16,306697,4096,0.002,True,True,,,240000,0,0.02171094156801701,0.6788475513458252,1.0050452947616575,0.04341799393296242,1.558050513267517,1.6538740396499634,0.041174907237291336,0.3592715263366699,0.6274735927581787,,,
wm-w256-d5-cd25k,finished,30000,25000,256,5,16,306697,4096,0.002,True,True,,,30000,0,0.02379725500941277,0.7007869482040405,1.0084441900253296,0.05292456969618797,1.6023037433624268,1.637117624282837,0.040718983858823776,0.36152884364128113,0.6156426668167114,,,
wm-w256-d5-cd50k,finished,60000,50000,256,5,16,306697,4096,0.002,True,True,,,60000,0,0.022182920947670937,0.6941689848899841,1.0064588785171509,0.048866156488657,1.6178710460662842,1.6959859132766724,0.03822526335716248,0.35957688093185425,0.617143452167511,,,
wm-w512-d3,finished,200000,,512,3,16,612361,4096,0.002,True,True,,,200000,0,0.03085421584546566,0.7524994611740112,1.030123233795166,0.05820745229721069,1.557052493095398,1.667333483695984,0.051058556884527206,0.4208645224571228,0.6473574638366699,,,
wm-w512-d3-cd100k,finished,120000,100000,512,3,16,612361,4096,0.002,True,True,,,120000,0,0.02045772969722748,0.6887331604957581,1.020757794380188,0.04173329845070839,1.5618391036987305,1.6823824644088743,0.043061718344688416,0.37360942363739014,0.6208605170249939,,,
wm-w512-d3-cd12500,finished,15000,12500,512,3,16,612361,4096,0.002,True,True,,,15000,0,0.022749144583940503,0.7068376541137695,1.0185869932174685,0.051258426159620285,1.6114521026611328,1.6936160326004028,0.04112709313631058,0.3688124716281891,0.6278835535049438,,,
wm-w512-d3-cd200k,finished,240000,200000,512,3,16,612361,4096,0.002,True,True,,,240000,0,0.020570483058691025,0.6930299997329712,1.0182170867919922,0.040602702647447586,1.571846604347229,1.688066005706787,0.045553140342235565,0.37394940853118896,0.6289882063865662,,,
wm-w512-d3-cd25k,finished,30000,25000,512,3,16,612361,4096,0.002,True,True,,,30000,0,0.02073454111814499,0.6860440373420715,0.997192084789276,0.04530266299843788,1.556650996208191,1.6637712717056274,0.03843861445784569,0.3687167465686798,0.6102856397628784,,,
wm-w512-d3-cd50k,finished,60000,50000,512,3,16,612361,4096,0.002,True,True,,,60000,0,0.01985028013586998,0.6879956722259521,0.9942427277565002,0.04234921559691429,1.5731980800628662,1.660599946975708,0.04069213196635246,0.3645698130130768,0.6232367157936096,,,
wm-w512-d5,finished,200000,,512,5,16,1137673,4096,0.002,True,True,,,200000,0,0.03505248948931694,0.770775318145752,1.012341022491455,0.06085316091775894,1.617221713066101,1.678101658821106,0.06174213811755181,0.4601418375968933,0.6722933053970337,,,
wm-w512-d5-cd100k,finished,120000,100000,512,5,16,1137673,4096,0.002,True,True,,,120000,0,0.0222369022667408,0.7042272090911865,1.0058646202087402,0.04462472349405289,1.6155023574829102,1.6580677032470703,0.04549279808998108,0.3777220845222473,0.6203960180282593,,,
wm-w512-d5-cd12500,finished,15000,12500,512,5,16,1137673,4096,0.002,True,True,,,15000,0,0.023197626695036888,0.7097907066345215,1.0067275762557983,0.052871182560920715,1.6128414869308472,1.6549606323242188,0.03807314857840538,0.35223251581192017,0.6158837080001831,,,
wm-w512-d5-cd200k,finished,240000,200000,512,5,16,1137673,4096,0.002,True,True,,,240000,0,0.02338867262005806,0.7049946188926697,1.0091853141784668,0.04449208825826645,1.6106752157211304,1.6797070503234863,0.05030535161495209,0.3830120265483856,0.6253723502159119,,,
wm-w512-d5-cd25k,finished,30000,25000,512,5,16,1137673,4096,0.002,True,True,,,30000,0,0.021576980128884315,0.695441484451294,1.0269533395767212,0.04806426540017128,1.6060268878936768,1.7027024030685425,0.03960364684462547,0.356188029050827,0.6080917119979858,,,
wm-w512-d5-cd50k,finished,60000,50000,512,5,16,1137673,4096,0.002,True,True,,,60000,0,0.022370152175426483,0.7093986868858337,1.0054528713226318,0.04719873890280723,1.635987401008606,1.6622973680496216,0.04134763404726982,0.3718991279602051,0.613261342048645,,,
wm-with-policy,finished,20000,,256,3,16,175113,1024,0.001,,,,,20000,0,,,,,,,0.04921687766909599,0.3987211287021637,0.6358498334884644,,,
wm-with-policy-50k,finished,50000,,256,3,16,175113,1024,0.001,,,,,50000,0,,,,,,,0.04339209944009781,0.3696939051151275,0.6247836947441101,,,
